name,price,ski
Lucinda Cannon,10401,velit
Burnett Kirk,9661,proident
Winnie Simon,3520,exercitation
Bruce Clements,14857,officia
Hansen Park,11936,aliquip
Lidia Lang,8646,do
Juliana Combs,8466,adipisicing
Randi Mcfarland,697,velit
Sheryl Brown,19143,dolor
Lula Vincent,19003,elit
Fuller Faulkner,19803,fugiat
Mckee Horne,5021,ea
Lola Thomas,13153,sit
Karina Campos,17726,elit
Janine Byers,6779,qui
Beard Spencer,18665,incididunt
Romero Hayes,16353,esse
Curry West,4606,proident
Sandy Garza,14409,amet
Pearl Hurst,8606,nulla
Kristi York,7882,mollit
Cantu Calhoun,11738,dolore
Daniel Roy,19076,ea
