name,phone
Saundra Lynch,+1 (838) 500-3795
Jeannine Hudson,+1 (827) 408-3449
Jordan Fox,+1 (958) 548-3122
Stella Bell,+1 (882) 536-3184
Cherry Anthony,+1 (977) 497-2694
Briana Fulton,+1 (937) 490-3321
Cardenas Christensen,+1 (804) 598-2627
Robin Combs,+1 (856) 578-2664
Catherine Chaney,+1 (971) 522-3494
Janell Woodward,+1 (938) 590-2289
Josephine Perry,+1 (877) 597-2567
Pennington Douglas,+1 (972) 508-3303
Gibbs Castro,+1 (868) 457-2972
Robles Landry,+1 (802) 516-3910
Callahan Pate,+1 (896) 516-2634
Figueroa Boyer,+1 (830) 430-2061
Gregory Cleveland,+1 (921) 455-2255
Young Puckett,+1 (881) 407-2995
Hull Hardin,+1 (921) 426-2889
Watson Mccormick,+1 (934) 578-3715
